{
  "exact_match_mean": 0.14285714285714285,
  "f1_mean": 0.14285714285714285,
  "numerical_exact_match_mean": 0.0,
  "program_accuracy_mean": 0.14285714285714285,
  "sample_count": 7
}