{
  "auc_roc_mean": 0.6033617058641518,
  "f1_mean": 0.08944213923467036,
  "precision_mean": 0.377431906614786,
  "recall_mean": 0.05073221757322176,
  "sample_count": 9417
}