{
  "model": "Quantum VQC",
  "circuit_tag": "baseline_VQC (single-layer, COBYLA)",
  "val_auc": 0.5114263243931233,
  "test_auc": 0.5162684326242453,
  "gap": -0.0048421082311219665,
  "AUC-ROC": 0.5162684326242453,
  "eval_set": "OOT test 2011",
  "Gini": 0.03253686524849053,
  "KS": 0.023591609024691373,
  "F1": 0.26357022943480696,
  "Precision": 0.15178859168546568,
  "Recall": 1.0,
  "PR-AUC": 0.16543436347919013,
  "training_time_sec": null
}