{
  "model": "Quantum VQC",
  "circuit_tag": "baseline_VQC (single-layer, COBYLA)",
  "val_auc": 0.5346093984800636,
  "test_auc": 0.540781269528701,
  "gap": -0.006171871048637367,
  "AUC-ROC": 0.540781269528701,
  "Gini": 0.08156253905740196,
  "KS": 0.09544644528091761,
  "F1": 0.2420774647887324,
  "Precision": 0.17053206002728513,
  "Recall": 0.41704579921140433,
  "PR-AUC": 0.16398859130529522,
  "training_time_sec": null
}