{
  "model": "Quantum VQC",
  "circuit_tag": "baseline_VQC (single-layer, COBYLA)",
  "val_auc": 0.5312494667186602,
  "test_auc": 0.5396883454754523,
  "gap": -0.008438878756792056,
  "AUC-ROC": 0.5396883454754523,
  "eval_set": "OOT test 2011",
  "Gini": 0.0793766909509046,
  "KS": 0.0970684180976904,
  "F1": 0.2179050670939315,
  "Precision": 0.16265510539692032,
  "Recall": 0.3299969669396421,
  "PR-AUC": 0.16524186695591236,
  "training_time_sec": null
}