{
  "model": "Quantum VQC",
  "circuit_tag": "baseline_VQC (single-layer, COBYLA)",
  "val_auc": 0.5025327810339959,
  "test_auc": 0.5135857941225006,
  "gap": -0.011053013088504704,
  "AUC-ROC": 0.5135857941225006,
  "eval_set": "OOT test 2011",
  "Gini": 0.02717158824500121,
  "KS": 0.020472120275132677,
  "F1": 0.26357022943480696,
  "Precision": 0.15178859168546568,
  "Recall": 1.0,
  "PR-AUC": 0.15353642478760868,
  "training_time_sec": null
}