{
  "model": "Quantum VQC",
  "circuit_tag": "baseline_VQC (single-layer, COBYLA)",
  "val_auc": 0.4943377651257326,
  "test_auc": 0.5136298067520427,
  "gap": -0.019292041626310152,
  "AUC-ROC": 0.5136298067520427,
  "eval_set": "OOT test 2011",
  "Gini": 0.027259613504085456,
  "KS": 0.02099933346424354,
  "F1": 0.26357022943480696,
  "Precision": 0.15178859168546568,
  "Recall": 1.0,
  "PR-AUC": 0.15989034473974814,
  "training_time_sec": null
}