{
  "xgb_stack_tuning_sec": 229.05919199999994,
  "ann_training_sec": 6.963277299999845,
  "stack_oot_auc": 0.6036006265515131,
  "stack_oot_ks": 0.16167721323520606,
  "best_threshold": 0.74,
  "threshold_source": "policy_constrained",
  "threshold_f1_val": 0.671680837148463,
  "val_auc": 0.9363139446570581,
  "ann_brier": 0.24867364764213562,
  "ann_oot_auc": 0.6265383677525761,
  "ann_oot_ks": 0.19116358428450664,
  "stack_brier": 0.14832928321502525,
  "stack_brier_calibrated": 0.15160469989961803,
  "ann_brier_cal": 0.1260569542646408
}