{
  "xgb_stack_tuning_sec": 503.9634625999897,
  "ann_training_sec": 15.286261400000512
}