{
  "xgb_stack_tuning_sec": 234.85336700000153,
  "ann_training_sec": 15.286261400000512
}