{
  "xgb_stack_tuning_sec": 216.88813689999733,
  "ann_training_sec": 6.726010000005772,
  "stack_oot_auc": 0.6012264468639565,
  "stack_oot_ks": 0.15781858888019223,
  "best_threshold": 0.74,
  "threshold_source": "policy_constrained",
  "threshold_f1_val": 0.6802721088435374,
  "val_auc": 0.9382193358796103,
  "ann_brier": 0.24867364764213562,
  "ann_oot_auc": 0.6265383677525761,
  "ann_oot_ks": 0.19116358428450664,
  "stack_brier": 0.14864331391872632,
  "stack_brier_calibrated": 0.15286911578552656,
  "ann_brier_cal": 0.1260569542646408
}