{
  "xgb_stack_tuning_sec": 290.8660428000003,
  "ann_training_sec": 15.286261400000512
}