{
  "auc_roc_mean": 0.6101701376209445,
  "ks_mean": 0.16294973504414073,
  "f1_mean": 0.343265306122449,
  "precision_mean": 0.2814591700133869,
  "recall_mean": 0.4398535564853556,
  "sample_count": 9417
}