{
  "lstm_auc": 0.5,
  "lstm_ks": 0.5,
  "lstm_gini": 0.0,
  "precision": 0.0,
  "recall": 0.0,
  "f1": 0.0,
  "baseline_auc": 0.5,
  "baseline_ks": 0.0,
  "epochs_trained": 11,
  "best_val_auc_by_epoch": [
    0.16666666666666663,
    0.16666666666666663,
    0.25,
    0.33333333333333337,
    0.33333333333333337,
    0.5,
    0.5,
    0.5,
    0.5,
    0.5,
    0.5
  ]
}