{
  "lstm_auc": 0.9166666666666667,
  "lstm_ks": 0.8333333333333334,
  "lstm_gini": 0.8333333333333335,
  "precision": 0.25,
  "recall": 1.0,
  "f1": 0.4,
  "baseline_auc": 0.5,
  "baseline_ks": 0.0,
  "epochs_trained": 7,
  "best_val_auc_by_epoch": [
    0.8333333333333334,
    0.9166666666666667,
    0.9166666666666667,
    0.9166666666666667,
    0.9166666666666667,
    0.9166666666666667,
    0.9166666666666667
  ]
}