{
  "auc_roc_mean": 0.6039760801028046,
  "f1_mean": 0.055930568948891035,
  "precision_mean": 0.35802469135802467,
  "recall_mean": 0.030334728033472803,
  "sample_count": 9417
}